Name,Path
Get started,C:\git\ms\azure-docs-pr\articles\payment-hsm\
Get started,C:\git\ms\azure-docs-pr\articles\storsimple\
Get started,C:\git\ms\azure-docs-pr\articles\storsimple\
Get started,C:\git\ms\azure-docs-pr\articles\storsimple\
Get started,C:\git\ms\azure-docs-pr\articles\storsimple\
Get started,C:\git\ms\azure-docs-pr\articles\storsimple\
Get started,C:\git\ms\azure-docs-pr\articles\storsimple\
Get started,C:\git\ms\azure-docs-pr\articles\storsimple\
Get started,C:\git\ms\azure-docs-pr\articles\data-lake-analytics\
Get started,C:\git\ms\azure-docs-pr\articles\data-lake-analytics\
Get started,C:\git\ms\azure-docs-pr\articles\data-lake-analytics\
Get started,C:\git\ms\azure-docs-pr\articles\data-lake-analytics\
Get started,C:\git\ms\azure-docs-pr\articles\data-lake-analytics\
Get started,C:\git\ms\azure-docs-pr\articles\data-lake-store\
Get started,C:\git\ms\azure-docs-pr\articles\data-lake-store\
Get started,C:\git\ms\azure-docs-pr\articles\data-lake-store\
Get started,C:\git\ms\azure-docs-pr\articles\azure-video-analyzer\video-analyzer-docs\
Get started,C:\git\ms\azure-docs-pr\articles\azure-video-analyzer\video-analyzer-docs\
Get started,C:\git\ms\azure-docs-pr\articles\azure-video-analyzer\video-analyzer-docs\
Get started,C:\git\ms\azure-docs-pr\articles\azure-vmware\
Get started,C:\git\ms\azure-docs-pr\articles\azure-vmware\
Get started,C:\git\ms\azure-docs-pr\articles\azure-vmware\
Get started,C:\git\ms\azure-docs-pr\articles\azure-vmware\
Get started,C:\git\ms\azure-docs-pr\articles\azure-vmware\
